id,mass,turnmass,dragmult,cmassx,cmassy,cmassz,persubmerged,tractionmult,tractionloss,tractionbias,numofgears,velocity,acceleration,engineintertia,drivetype,enginetype,deceleration,brakebias,abs,steeringlock,suspensionforce,suspensiondamping,suspensionhighspeedcompdamp,suspensionuplimit,suspensionlowlimit,suspensionbias,suspensionantidive,seatoffset,collisiondamage,value,modelflags,handlingflags,frontlights,rearlights,animgroup
LANDSTAL,1700.0,5008.3,2.5,0.0,0.0,-0.3,85,0.75,0.85,0.5,5,160.0,25.0,20.0,4,D,6.2,0.60,0,35.0,2.4,0.08,0.0,0.28,-0.14,0.5,0.25,0.27,0.23,25000,20,500002,0,1,0
BRAVURA,1300.0,2200.0,1.7,0.0,0.3,0.0,70,0.65,0.80,0.52,5,160.0,15.0,10.0,F,P,08.0,0.80,0,30.0,1.3,0.08,0.0,0.31,-0.15,0.57,0.0,0.26,0.50,9000,1,1,0,0,0
BUFFALO,1500.0,4000.0,2.0,0.0,0.0,-0.1,85,0.7,0.9,0.5,5,200.0,28.0,5.0,R,P,11.0,0.45,0,30.0,1.2,0.12,0.0,0.28,-0.24,0.5,0.4,0.25,0.50,35000,2800,10200000,1,1,0
LINERUN,3800.0,19953.2,5.0,0.0,0.0,-0.2,90,0.95,0.65,0.4,5,120.0,25.0,30.0,R,D,8.0,0.30,0,25.0,1.6,0.06,0.0,0.40,-0.20,0.5,0.0,0.65,0.25,35000,6000,200,0,1,2
PEREN,1200.0,3000.0,2.5,0.0,0.1,0.0,70,0.70,0.90,0.48,5,150.0,18.0,20.0,F,P,4.0,0.80,0,30.0,1.4,0.1,0.0,0.37,-0.17,0.5,0.0,0.2,0.60,10000,20,0,1,1,0
SENTINEL,1600.0,4000.0,2.2,0.0,0.0,-0.2,75,0.65,0.75,0.5,5,165.0,24.0,10.0,R,P,10.0,0.5,0,27.0,1.0,0.08,0.0,0.30,-0.20,0.5,0.3,0.2,0.56,35000,0,400000,0,1,0
DUMPER,20000.0,200000.0,4.0,0.0,0.5,-0.4,90,0.78,0.8,0.55,4,110.0,25.0,30.0,R,D,03.17,0.40,0,30.0,0.8,0.06,0.0,0.20,-0.30,0.55,0.0,0.45,0.20,5000,c008,1340201,0,1,20
FIRETRUK,6500.0,36670.8,3.0,0.0,0.0,0.0,90,0.55,0.8,0.5,5,170.0,27.0,10.0,R,D,10.00,0.45,0,27.0,1.2,0.08,0.0,0.47,-0.17,0.5,0.0,0.2,0.26,15000,4098,0,0,1,2
TRASH,5500.0,33187.9,5.0,0.0,0.0,-0.2,90,0.60,0.9,0.5,4,110.0,20.0,30.0,R,D,3.5,0.40,0,30.0,1.0,0.06,0.0,0.45,-0.25,0.55,0.3,0.45,0.20,5000,4008,200,0,1,0
STRETCH,2200.0,10000.0,1.8,0.0,0.0,0.0,75,0.60,0.8,0.5,5,180.0,18.0,25.0,R,P,10.0,0.40,0,30.0,1.1,0.07,0.0,0.35,-0.20,0.5,0.0,0.2,0.72,40000,282000,10400001,1,1,0
MANANA,1000.0,1400.0,2.8,0.0,0.2,0.0,70,0.80,0.8,0.5,3,160.0,19.0,15.0,F,P,8.0,0.80,0,30.0,1.2,0.10,5.0,0.31,-0.15,0.5,0.2,0.26,0.50,9000,0,0,0,0,0
INFERNUS,1400.0,2725.3,1.5,0.0,0.0,-0.25,70,0.70,0.8,0.50,5,240.0,30.0,10.0,4,P,11.0,0.51,0,30.0,1.2,0.19,0.0,0.25,-0.10,0.5,0.4,0.37,0.72,95000,40002004,C04000,1,1,1
VOODOO,1800.0,4411.5,2.0,0.0,-0.1,-0.2,70,0.95,0.80,0.45,5,160.0,23.0,5.0,R,P,6.50,0.50,0,30.0,1.0,0.08,0.0,0.20,-0.25,0.5,0.6,0.26,0.41,30000,0,2410008,1,1,0
PONY,2600.0,8666.7,3.0,0.0,0.0,-0.25,80,0.55,0.90,0.50,5,160.0,15.0,25.0,R,D,6.0,0.80,0,30.0,2.6,0.07,0.0,0.35,-0.15,0.25,0.0,0.2,0.50,20000,4001,1,0,3,13
MULE,3500.0,14000.0,4.0,0.0,0.0,0.1,80,0.55,0.85,0.46,5,140.0,18.0,20.0,R,D,4.5,0.60,0,30.0,2.0,0.07,5.0,0.30,-0.15,0.5,0.0,0.46,0.53,22000,4088,0,0,3,0
CHEETAH,1200.0,3000.0,2.0,0.0,-0.2,-0.2,70,0.80,0.9,0.50,5,230.0,30.0,10.0,R,P,11.1,0.48,0,35.0,0.8,0.20,0.0,0.10,-0.15,0.5,0.6,0.40,0.54,105000,c0002004,208000,0,0,1
AMBULAN,2600.0,10202.8,2.5,0.0,0.0,-0.1,90,0.75,0.80,0.47,5,155.0,24.0,10.0,4,D,7.0,0.55,0,35.0,1.0,0.07,0.0,0.40,-0.20,0.5,0.0,0.58,0.33,10000,4001,4,0,1,13
MOONBEAM,2000.0,5848.3,2.8,0.0,0.2,-0.1,85,0.60,0.80,0.50,5,150.0,15.0,15.0,R,D,5.5,0.6,0,30.0,1.4,0.1,0.0,0.35,-0.15,0.55,0.0,0.2,0.75,16000,20,0,1,3,0
ESPERANT,1800.0,4350.0,2.0,0.0,0.0,0.0,70,0.55,0.88,0.52,5,160.0,18.0,5.0,R,P,4.0,0.60,0,28.0,1.0,0.05,1.0,0.35,-0.18,0.5,0.0,0.36,0.54,19000,40000000,10000000,0,3,0
TAXI,1450.0,4056.4,2.2,0.0,0.3,-0.25,75,0.80,0.75,0.45,5,180.0,19.0,10.0,F,P,9.1,0.60,0,35.0,1.4,0.1,0.0,0.25,-0.15,0.54,0.0,0.2,0.51,20000,0,200000,0,1,0
WASHING,1850.0,5000.0,2.2,0.0,0.0,-0.1,75,0.75,0.65,0.52,5,180.0,21.0,10.0,R,P,7.5,0.65,0,30.0,1.0,0.20,0.0,0.27,-0.20,0.5,0.35,0.24,0.60,18000,0,10400000,1,1,0
BOBCAT,1700.0,4000.0,2.5,0.0,0.05,-0.2,75,0.65,0.85,0.57,5,165.0,20.0,15.0,4,D,8.5,0.5,0,35.0,1.5,0.10,5.0,0.35,-0.18,0.4,0.0,0.26,0.20,26000,40,104004,0,1,0
MRWHOOP,1700.0,4108.3,3.5,0.0,0.0,0.0,85,0.75,0.75,0.5,5,145.0,14.0,50.0,R,D,4.17,0.80,0,35.0,1.2,0.1,0.0,0.35,-0.15,0.5,0.0,0.24,0.77,29000,88,2,0,1,0
BFINJECT,1200.0,2000.0,4.0,0.0,-0.1,-0.1,80,0.75,0.85,0.5,4,170.0,30.0,10.0,R,P,6.0,0.50,0,35.0,1.0,0.07,5.0,0.20,-0.15,0.45,0.0,0.38,0.40,15000,201904,308200,1,2,25
PREMIER,1600.0,3921.3,1.8,0.0,-0.4,0.0,75,0.75,0.85,0.52,5,200.0,22.0,10.0,R,P,10.0,0.53,0,35.0,1.3,0.12,0.0,0.28,-0.12,0.38,0.0,0.2,0.24,25000,40000000,10200008,0,1,0
ENFORCER,4000.0,17333.3,1.8,0.0,0.1,0.0,85,0.55,0.8,0.48,5,170.0,20.0,20.0,R,D,5.4,0.45,0,27.0,1.4,0.1,0.0,0.40,-0.25,0.5,0.0,0.32,0.16,40000,4011,0,0,1,13
SECURICA,7000.0,30916.7,1.5,0.0,0.0,0.0,90,0.50,0.7,0.46,5,170.0,15.0,30.0,R,D,8.4,0.45,0,27.0,1.0,0.06,0.0,0.35,-0.15,0.5,0.0,0.27,0.35,40000,4001,4,1,1,13
BANSHEE,1400.0,3000.0,2.0,0.0,0.0,-0.20,70,0.75,0.89,0.50,5,200.0,33.0,10.0,R,P,8.0,0.52,0,34.0,1.6,0.10,5.0,0.30,-0.15,0.5,0.3,0.15,0.49,45000,2004,200000,1,1,1
BUS,5500.0,33187.9,2.0,0.0,0.5,0.0,90,0.75,0.85,0.40,4,130.0,14.0,50.0,R,D,4.17,0.40,0,30.0,1.2,0.07,0.0,0.45,-0.25,0.45,0.0,0.2,0.75,15000,4002,0,1,1,16
RHINO,25000.0,250000.0,5.0,0.0,0.0,0.0,90,2.50,0.8,0.5,4,80.0,40.0,150.0,4,D,5.0,0.50,0,35.0,0.4,0.02,0.0,0.35,-0.10,0.5,0.0,0.22,0.09,110000,40008008,308840,0,1,24
BARRACKS,10500.0,61407.5,4.0,0.0,0.0,0.0,90,0.65,0.7,0.47,5,180.0,20.0,25.0,4,D,4.00,0.40,0,27.0,1.2,0.05,0.0,0.47,-0.17,0.5,0.0,0.62,0.26,10000,200809,100000,0,1,2
HOTKNIFE,1400.0,3400.0,2.5,0.0,0.3,-0.3,75,0.75,0.8,0.5,5,200.0,28.0,5.0,R,P,11.0,0.45,0,30.0,0.8,0.08,0.0,0.28,-0.20,0.4,0.3,0.20,0.60,35000,40006800,8000,1,1,0
ARTICT1,3800.0,30000.0,2.0,0.0,0.0,-0.5,90,0.45,0.75,0.5,5,120.0,18.0,5.0,R,D,8.0,0.30,0,25.0,1.5,0.05,0.0,0.30,-0.15,0.5,0.0,0.65,0.25,35000,20002000,0000,0,1,0
PREVION,1400.0,3000.0,2.0,0.0,0.3,-0.1,70,0.70,0.80,0.45,4,160.0,18.0,7.0,F,P,8.0,0.65,0,35.0,1.1,0.08,2.0,0.31,-0.18,0.55,0.3,0.21,0.50,9000,0,0,0,0,0
COACH,9500.0,57324.6,1.8,0.0,0.0,0.0,90,0.65,0.85,0.35,5,160.0,18.0,10.0,R,D,5.7,0.35,0,30.0,1.5,0.04,0.0,0.45,-0.25,0.5,0.0,0.45,0.48,20000,2,200000,0,1,15
CABBIE,1750.0,4351.7,2.9,0.0,0.1,-0.15,75,0.75,0.85,0.51,4,160.0,24.0,6.0,R,P,7.0,0.44,0,40.0,0.7,0.06,2.0,0.25,-0.30,0.5,0.5,0.2,0.40,10000,0,0,1,1,0
STALLION,1600.0,3921.3,2.0,0.0,0.0,-0.15,70,0.80,0.75,0.55,4,160.0,23.0,5.0,R,P,8.17,0.52,0,35.0,1.2,0.1,0.0,0.30,-0.2,0.5,0.0,0.3,0.64,19000,2800,4,1,1,0
RUMPO,2000.0,4901.7,2.4,0.0,0.4,-0.1,85,0.6,0.75,0.52,5,160.0,18.0,15.0,F,P,5.5,0.45,0,30.0,1.4,0.05,0.0,0.43,-0.11,0.5,0.0,0.2,0.60,26000,1,0,0,1,13
RCBANDIT,100.0,24.1,6.0,0.0,0.05,-0.1,70,0.80,0.90,0.49,1,75.0,35.0,5.0,4,E,5.5,0.50,0,25.0,1.6,0.1,0.0,0.28,-0.08,0.5,0.0,0.2,0.05,500,440000,0,0,1,0
ROMERO,2500.0,5960.4,2.0,0.0,-0.8,0.2,70,0.75,0.80,0.50,5,150.0,16.0,15.0,R,P,4.0,0.80,0,30.0,1.0,0.1,0.0,0.35,-0.15,0.4,0.0,0.2,1.25,10000,40000020,0,0,1,0
PACKER,8000.0,48273.3,2.0,0.0,0.0,0.0,90,0.65,0.85,0.35,5,150.0,13.0,5.0,R,D,5.7,0.35,0,30.0,1.5,0.04,0.0,0.45,-0.25,0.5,0.0,0.56,0.40,20000,4000,440000,0,1,2
MONSTER,5000.0,20000.0,3.0,0.0,0.0,-0.35,80,0.65,0.85,0.55,5,110.0,45.0,25.0,4,P,7.0,0.45,0,35.0,1.5,0.07,0.0,0.45,-0.30,0.5,0.3,0.44,0.35,40000,28,1300045,0,1,20
ADMIRAL,1650.0,3851.4,2.0,0.0,0.0,-0.05,75,0.65,0.90,0.51,5,165.0,22.0,8.0,F,P,8.5,0.52,0,30.0,1.0,0.15,0.0,0.27,-0.19,0.5,0.55,0.2,0.56,35000,0,400000,0,1,0
TRAM,1900.0,4795.9,1.0,0.0,-0.3,0.0,85,0.97,0.77,0.51,5,150.0,25.0,5.0,R,P,8.5,0.45,0,30.0,1.3,0.08,0.0,0.0,-1.00,0.4,0.5,0.2,0.50,26000,1,400000,0,1,13
AIRTRAIN,25500.0,139272.5,1.0,0.0,0.0,0.0,85,0.58,0.7,0.46,5,140.0,24.0,5.0,4,D,10.00,0.45,0,27.0,1.2,0.05,0.0,0.47,-0.17,0.5,0.0,0.2,1.00,10000,0,0,0,1,0
ARTICT2,3800.0,30000.0,2.0,0.0,0.0,-0.5,90,0.45,0.75,0.5,5,120.0,18.0,5.0,R,D,8.0,0.30,0,25.0,1.5,0.05,0.0,0.30,-0.15,0.5,0.0,0.65,0.25,35000,20002000,0000,0,1,0
TURISMO,1400.0,3000.0,2.0,0.0,-0.3,-0.2,70,0.75,0.85,0.45,5,240.0,30.0,10.0,4,P,11.0,0.51,0,30.0,1.2,0.13,0.0,0.15,-0.20,0.5,0.4,0.17,0.72,95000,40002004,C08401,1,1,1
FLATBED,8500.0,48804.2,2.5,0.0,0.0,0.3,90,0.70,0.7,0.46,5,140.0,25.0,80.0,R,D,10.00,0.45,0,27.0,1.2,0.05,0.0,0.47,-0.17,0.5,0.0,0.62,0.43,10000,801,0,0,1,2
YANKEE,4500.0,18003.7,3.0,0.0,0.0,0.0,80,0.55,0.70,0.48,5,160.0,14.0,40.0,R,D,4.5,0.80,0,30.0,1.8,0.12,0.0,0.30,-0.25,0.5,0.0,0.35,0.45,22000,4088,1,0,1,0
GOLFCART,1000.0,1354.2,4.0,0.0,0.0,-0.1,70,0.55,0.85,0.5,3,160.0,15.0,30.0,4,E,13.0,0.50,0,30.0,1.0,0.09,0.0,0.28,-0.13,0.5,0.0,0.26,0.50,9000,1100,8804,1,1,0
SOLAIR,2000.0,5500.0,2.0,0.0,0.0,0.0,75,0.75,0.80,0.52,4,165.0,20.0,10.0,R,P,5.0,0.60,0,30.0,1.2,0.1,0.0,0.27,-0.17,0.5,0.2,0.24,0.48,18000,20,0,1,1,0
TOPFUN,1900.0,6333.3,2.0,0.0,0.0,-0.2,80,0.85,0.70,0.46,5,160.0,15.0,25.0,R,D,6.0,0.80,0,30.0,1.5,0.07,2.0,0.35,-0.15,0.4,0.0,0.2,0.43,20000,1,1,0,3,13
GLENDALE,1600.0,4000.0,2.5,0.0,0.0,0.05,75,0.60,0.84,0.52,5,160.0,22.0,15.0,R,P,6.2,0.55,0,30.0,0.8,0.07,0.0,0.35,-0.22,0.5,0.5,0.23,0.40,20000,0,10800002,1,1,0
OCEANIC,1900.0,4529.9,2.0,0.0,0.0,0.0,75,0.67,0.75,0.52,5,160.0,16.0,5.0,R,P,5.0,0.55,0,30.0,1.0,0.1,0.0,0.35,-0.17,0.5,0.5,0.23,0.45,20000,0,10800000,2,1,0
PATRIOT,2500.0,7968.7,2.5,0.0,0.0,0.0,80,0.70,0.85,0.5,5,170.0,25.0,20.0,4,P,8.0,0.50,0,30.0,1.5,0.08,4.0,0.35,-0.35,0.5,0.0,0.28,0.25,40000,8,300000,0,1,0
HERMES,1950.0,4712.5,2.0,0.0,0.3,0.0,70,0.70,0.75,0.51,5,160.0,18.0,15.0,F,P,3.5,0.60,0,28.0,1.0,0.05,0.0,0.35,-0.20,0.58,0.0,0.25,0.42,19000,40002000,1,1,3,0
SABRE,1700.0,4000.0,2.0,0.0,0.1,0.0,70,0.70,0.80,0.53,4,160.0,24.0,10.0,R,P,8.0,0.52,0,35.0,1.3,0.08,5.0,0.30,-0.20,0.5,0.25,0.25,0.52,19000,0,10000006,1,1,0
ZR350,1400.0,2979.7,2.0,0.0,0.2,-0.1,70,0.80,0.80,0.51,5,200.0,28.0,10.0,R,P,11.1,0.52,0,30.0,1.2,0.10,0.0,0.31,-0.15,0.5,0.3,0.24,0.60,45000,0,C00000,1,1,0
WALTON,1850.0,3534.0,2.5,0.0,0.0,0.0,75,0.70,0.70,0.5,4,150.0,14.0,25.0,4,D,6.5,0.5,0,35.0,1.6,0.12,0.0,0.35,-0.18,0.4,0.0,0.26,0.19,26000,40,10000006,1,1,0
REGINA,1500.0,3800.0,2.0,0.0,0.2,0.0,75,0.65,0.85,0.52,4,165.0,16.0,25.0,F,P,5.0,0.60,0,30.0,1.0,0.1,0.0,0.27,-0.17,0.5,0.2,0.24,0.48,18000,20,1,1,1,0
COMET,1400.0,2200.0,2.2,0.0,0.1,-0.2,75,0.70,0.9,0.5,5,200.0,30.0,10.0,4,P,11.0,0.45,0,30.0,1.4,0.14,3.0,0.28,-0.15,0.5,0.3,0.25,0.60,35000,40000800,0,1,1,19
BURRITO,1900.0,5000.0,2.5,0.0,0.0,-0.2,85,0.60,0.87,0.51,5,150.0,25.0,20.0,R,P,8.5,0.45,0,30.0,1.3,0.07,2.0,0.40,-0.25,0.4,0.5,0.2,0.50,26000,1,400000,0,1,13
CAMPER,1900.0,4000.0,2.6,0.0,-0.5,-0.4,85,0.60,0.80,0.46,5,120.0,16.0,20.0,R,P,8.5,0.45,0,30.0,1.1,0.08,0.0,0.35,-0.10,0.4,0.5,0.2,0.50,26000,4000c000,400000,0,1,0
BAGGAGE,1000.0,1354.2,5.0,0.0,0.4,-0.2,70,1.00,0.85,0.5,3,160.0,20.0,30.0,R,E,5.0,0.50,0,30.0,2.0,0.09,0.0,0.25,-0.10,0.5,0.0,0.26,0.50,9000,3300,4,1,1,0
DOZER,10000.0,35000.0,20.0,0.0,-0.5,-0.5,90,0.85,0.8,0.60,5,100.0,35.0,150.0,4,D,5.0,0.40,0,45.0,1.4,0.15,0.0,0.25,-0.20,0.35,0.0,0.45,0.20,5000,308,340220,0,1,17
RANCHER,2500.0,7604.2,2.5,0.0,0.0,-0.35,80,0.70,0.85,0.54,5,170.0,20.0,5.0,4,P,7.0,0.45,0,35.0,0.8,0.08,0.0,0.45,-0.25,0.45,0.3,0.44,0.35,40000,4020,100004,0,1,0
FBIRANCH,3500.0,11156.2,2.2,0.0,0.0,-0.2,80,0.80,0.80,0.52,5,170.0,22.0,5.0,4,P,8.5,0.50,0,30.0,0.7,0.15,0.0,0.34,-0.20,0.5,0.5,0.44,0.30,40000,4020,500000,0,1,0
VIRGO,1700.0,3435.4,2.0,0.0,0.0,-0.1,70,0.70,0.86,0.5,4,160.0,18.0,15.0,R,P,7.0,0.50,0,32.0,0.8,0.10,0.0,0.31,-0.15,0.5,0.5,0.26,0.85,9000,40000000,10000000,0,0,0
GREENWOO,1600.0,4000.0,2.5,0.0,0.0,0.0,70,0.70,0.8,0.52,4,160.0,20.0,20.0,R,P,5.4,0.60,0,30.0,1.1,0.12,5.0,0.32,-0.20,0.5,0.0,0.22,0.54,19000,0,10000001,0,3,0
HOTRING,1600.0,4500.0,1.4,0.0,0.2,-0.4,70,0.85,0.80,0.48,5,220.0,26.0,5.0,R,P,10.0,0.52,0,30.0,1.5,0.10,10.0,0.29,-0.16,0.6,0.4,0.20,0.56,45000,40002004,C00000,1,1,0
SANDKING,2000.0,4000.0,2.2,0.0,0.0,-0.6,80,0.75,0.85,0.5,5,170.0,28.0,10.0,4,P,8.0,0.50,0,30.0,0.8,0.08,0.0,0.35,-0.31,0.5,0.0,0.38,0.35,40000,0,318800,0,1,22
BLISTAC,1000.0,2141.7,2.4,0.0,0.0,-0.10,50,0.85,0.85,0.5,5,200.0,26.0,5.0,F,P,11.0,0.45,0,30.0,1.4,0.1,0.0,0.28,-0.12,0.5,0.0,0.25,0.50,35000,c0000000,C00000,1,1,0
BOXVILLE,5500.0,23489.6,3.0,0.0,0.0,0.0,80,0.82,0.70,0.46,5,140.0,14.0,25.0,R,D,4.5,0.60,0,30.0,0.9,0.08,0.0,0.25,-0.25,0.35,0.6,0.26,0.40,22000,4009,201,0,3,13
BENSON,3500.0,13865.8,2.3,0.0,0.0,-0.2,80,0.75,0.70,0.46,5,140.0,14.0,20.0,R,D,4.5,0.60,0,30.0,1.2,0.20,0.0,0.35,-0.15,0.45,0.0,0.46,0.53,22000,4088,1,1,3,0
MESA,1300.0,1900.0,3.0,0.0,0.2,-0.3,85,0.70,0.80,0.50,5,160.0,24.0,15.0,4,D,8.0,0.50,0,35.0,1.2,0.08,0.0,0.32,-0.20,0.35,0.4,0.18,0.30,25000,200840,0,0,1,0
BLOODRA,2100.0,5146.7,2.0,0.0,0.0,0.0,75,0.75,0.70,0.52,5,160.0,24.0,5.0,R,P,6.2,0.55,0,35.0,1.0,0.06,3.0,0.35,-0.24,0.5,0.0,0.28,0.30,500,100,10800200,1,1,25
BLOODRB,1600.0,3866.7,2.0,0.0,0.0,0.0,75,0.80,0.70,0.52,5,160.0,26.0,5.0,R,P,6.2,0.55,0,35.0,1.0,0.06,0.0,0.35,-0.17,0.5,0.0,0.28,0.30,500,0,800200,1,1,0
SUPERGT,1400.0,2800.0,2.0,0.0,-0.2,-0.24,70,0.75,0.86,0.48,5,230.0,26.0,5.0,R,P,8.0,0.52,0,30.0,1.0,0.20,0.0,0.25,-0.10,0.5,0.3,0.40,0.54,105000,40002004,208000,0,0,1
ELEGANT,2200.0,5000.0,1.8,0.0,0.1,-0.1,75,0.70,0.80,0.46,5,165.0,20.0,10.0,R,P,6.0,0.55,0,30.0,1.0,0.10,0.0,0.35,-0.15,0.5,0.3,0.2,0.30,35000,40000000,10400000,0,1,0
JOURNEY,3500.0,13865.8,3.0,0.0,0.0,0.0,80,0.62,0.70,0.46,5,140.0,14.0,25.0,R,D,4.5,0.60,0,30.0,1.5,0.11,0.0,0.30,-0.15,0.5,0.0,0.46,0.53,22000,88,1,0,3,0
PETROL,3800.0,20000.0,2.0,0.0,0.0,-0.2,90,0.85,0.75,0.4,5,120.0,25.0,20.0,R,D,8.0,0.30,0,35.0,1.0,0.10,0.0,0.25,-0.20,0.5,0.0,0.35,0.25,35000,20206008,1000001,0,1,2
RDTRAIN,5000.0,28000.0,2.0,0.0,0.5,-0.4,90,0.95,0.65,0.4,5,120.0,25.0,20.0,R,D,8.0,0.30,0,25.0,0.7,0.10,0.0,0.20,-0.17,0.5,0.0,0.65,0.25,35000,20200008,200,0,1,2
NEBULA,1400.0,4000.0,2.0,0.0,0.3,-0.1,75,0.65,0.80,0.50,5,165.0,20.0,10.0,F,P,8.0,0.55,0,30.0,1.4,0.10,0.0,0.27,-0.10,0.58,0.3,0.2,0.56,35000,0,400000,0,1,0
MAJESTIC,1400.0,3267.8,2.2,0.0,0.1,-0.1,75,0.75,0.80,0.52,5,165.0,22.0,10.0,R,P,7.0,0.55,0,30.0,1.3,0.13,0.0,0.27,-0.15,0.5,0.3,0.2,0.56,35000,400000,10400000,0,1,0
BUCCANEE,1700.0,4500.0,2.2,0.0,0.3,0.0,70,0.60,0.86,0.54,4,160.0,24.0,15.0,R,P,5.0,0.52,0,35.0,0.8,0.08,0.0,0.20,-0.20,0.54,0.4,0.3,0.52,19000,40400004,4,1,1,1
CEMENT,5500.0,33187.9,2.0,0.0,0.0,0.0,90,0.58,0.8,0.5,4,110.0,20.0,20.0,R,D,03.17,0.40,0,30.0,1.4,0.06,0.0,0.45,-0.25,0.55,0.0,0.45,0.20,5000,404008,40200,0,1,0
TOWTRUCK,3500.0,12000.0,2.5,0.0,0.3,-0.25,80,0.85,0.70,0.46,5,160.0,25.0,30.0,R,D,6.0,0.80,0,45.0,1.6,0.07,0.0,0.35,-0.15,0.25,0.0,0.2,0.50,20000,240001,1148200,0,3,13
FORTUNE,1700.0,4166.4,2.0,0.0,0.0,-0.2,70,0.70,0.84,0.53,4,160.0,20.0,10.0,R,P,8.17,0.52,0,35.0,1.2,0.15,0.0,0.30,-0.10,0.5,0.25,0.3,0.52,19000,40000000,4,1,1,0
CADRONA,1200.0,2000.0,2.2,0.0,0.15,-0.1,70,0.70,0.86,0.5,4,160.0,20.0,5.0,R,P,8.0,0.60,0,30.0,1.4,0.12,0.0,0.30,-0.08,0.5,0.0,0.26,0.50,9000,40000000,2,0,0,0
FBITRUCK,4000.0,10000.0,2.0,0.0,0.0,-0.2,85,0.65,0.85,0.54,5,170.0,25.0,25.0,4,D,6.0,0.40,0,30.0,0.8,0.1,0.0,0.30,-0.15,0.5,0.0,0.32,0.16,40000,4001,0,0,1,13
WILLARD,1800.0,4350.0,2.0,0.0,0.0,0.0,70,0.70,0.8,0.52,4,160.0,18.0,15.0,R,P,5.4,0.60,0,30.0,1.1,0.15,0.0,0.32,-0.14,0.5,0.0,0.26,0.54,19000,40000000,0,0,3,0
FORKLIFT,1000.0,1354.2,2.0,0.0,-0.2,-0.35,70,0.80,0.85,0.5,3,60.0,20.0,15.0,F,E,6.0,0.50,0,30.0,2.0,0.14,0.0,0.25,-0.20,0.5,0.0,0.26,0.50,9000,1300,1040024,1,1,0
TRACTOR,2000.0,5000.0,3.0,0.0,0.0,-0.2,70,0.90,0.85,0.5,4,70.0,20.0,90.0,R,D,15.0,0.20,0,50.0,2.0,0.12,0.0,0.25,-0.05,0.5,0.0,0.26,0.50,9000,201310,1340005,1,1,28
COMBINE,8500.0,48804.2,5.0,0.0,0.3,-0.2,90,0.88,0.7,0.46,5,140.0,25.0,80.0,4,D,10.00,0.45,0,27.0,1.2,0.10,0.0,0.47,-0.11,0.5,0.0,1.20,0.43,10000,12c008,20,0,1,20
FELTZER,1600.0,4500.0,2.5,0.0,0.0,-0.15,75,0.65,0.9,0.5,5,200.0,28.0,25.0,R,P,7.0,0.52,0,30.0,1.1,0.09,0.0,0.30,-0.10,0.5,0.3,0.25,0.60,35000,40002800,0,1,1,19
REMINGTN,1800.0,4000.0,2.0,0.0,-0.4,-0.2,70,0.75,0.80,0.56,5,160.0,23.0,5.0,R,P,6.50,0.50,0,30.0,0.5,0.10,0.0,0.00,-0.20,0.4,0.6,0.21,0.41,30000,40002004,2410000,1,1,1
SLAMVAN,1950.0,4712.5,4.0,0.0,0.1,0.0,70,0.65,0.90,0.50,5,160.0,40.0,10.0,R,P,10.0,0.50,0,28.0,1.6,0.12,0.0,0.35,-0.14,0.5,0.3,0.36,0.42,19000,40002000,2010000,1,3,0
BLADE,1500.0,2500.0,2.0,0.0,-0.2,0.1,70,0.75,0.84,0.53,4,160.0,24.0,5.0,R,P,8.17,0.52,0,35.0,1.0,0.10,0.0,0.30,-0.15,0.44,0.25,0.3,0.52,19000,40202000,12010000,1,1,0
FREIGHT,5500.0,65000.0,3.0,0.0,0.0,0.0,90,0.58,0.8,0.5,4,110.0,20.0,20.0,R,D,03.17,0.40,0,30.0,1.4,0.06,0.0,0.45,0.0,0.55,0.0,0.45,0.20,5000,8,200,0,1,2
STREAK,5500.0,65000.0,3.0,0.0,0.0,0.0,90,0.58,0.8,0.5,4,110.0,20.0,20.0,R,D,03.17,0.40,0,30.0,1.4,0.06,0.0,0.45,-0.10,0.55,0.0,0.65,0.20,5000,8,200,0,1,2
VINCENT,1800.0,3000.0,2.0,0.0,0.3,0.0,70,0.70,0.8,0.5,4,160.0,18.0,20.0,F,P,5.4,0.60,0,30.0,1.0,0.09,0.0,0.32,-0.16,0.56,0.0,0.26,0.54,19000,0,2,0,3,0
BULLET,1200.0,2500.0,1.8,0.0,-0.15,-0.2,70,0.75,0.90,0.48,5,230.0,30.0,10.0,R,P,8.0,0.58,0,30.0,1.0,0.13,5.0,0.25,-0.10,0.45,0.3,0.15,0.54,105000,c0002004,204000,0,0,1
CLOVER,1600.0,3000.0,2.2,0.0,0.0,0.0,70,0.65,0.80,0.52,4,160.0,24.0,10.0,R,P,8.0,0.5,0,35.0,1.0,0.10,0.0,0.30,-0.10,0.5,0.25,0.25,0.52,19000,40280000,10008004,1,1,0
SADLER,1700.0,4500.0,2.7,0.0,0.0,-0.05,75,0.65,0.70,0.5,5,165.0,25.0,20.0,4,D,8.5,0.5,0,35.0,0.8,0.08,3.0,0.25,-0.15,0.4,0.4,0.26,0.20,26000,200040,104004,0,1,0
RANGER,1700.0,4108.3,2.5,0.0,0.0,0.0,85,0.85,0.85,0.51,5,160.0,20.0,5.0,4,D,6.2,0.60,0,35.0,1.7,0.08,0.0,0.25,-0.15,0.5,0.25,0.27,0.23,25000,20,700000,0,1,0
HUSTLER,1700.0,4000.0,2.5,0.0,0.0,-0.05,75,0.75,0.75,0.52,5,160.0,22.0,10.0,R,P,8.0,0.50,0,30.0,0.45,0.1,0.0,0.10,-0.15,0.5,0.5,0.18,0.45,20000,0,800000,2,1,0
INTRUDER,1800.0,4350.0,2.0,0.0,0.0,0.0,70,0.70,0.8,0.49,5,160.0,18.0,25.0,R,P,5.4,0.60,0,30.0,1.0,0.09,0.0,0.32,-0.15,0.54,0.0,0.26,0.54,19000,0,2,0,3,0
PRIMO,1600.0,3300.0,2.2,0.0,0.0,0.0,70,0.70,0.8,0.54,4,160.0,18.0,7.0,R,P,5.4,0.60,0,30.0,1.1,0.14,0.0,0.32,-0.14,0.5,0.0,0.26,0.54,19000,0,0,0,3,0
TAMPA,1700.0,4166.4,2.5,0.0,0.15,0.0,70,0.60,0.85,0.52,4,160.0,24.0,10.0,R,P,8.17,0.52,0,35.0,0.7,0.08,3.0,0.30,-0.16,0.5,0.50,0.3,0.52,19000,40000004,4,1,1,1
SUNRISE,1600.0,3550.0,2.0,0.0,0.3,0.0,70,0.70,0.8,0.52,5,160.0,17.0,5.0,F,P,5.4,0.60,0,30.0,1.0,0.09,0.0,0.30,-0.12,0.55,0.0,0.26,0.54,19000,40000000,1,0,3,0
MERIT,1800.0,4500.0,2.2,0.0,0.2,-0.10,75,0.65,0.8,0.49,5,165.0,22.0,10.0,R,P,9.0,0.55,0,30.0,1.1,0.15,0.0,0.27,-0.08,0.54,0.3,0.2,0.56,35000,40000000,400001,0,1,0
UTILITY,2600.0,8666.7,3.0,0.0,0.0,0.0,80,0.85,0.70,0.46,5,160.0,18.0,10.0,R,D,6.0,0.80,0,30.0,1.8,0.07,0.0,0.35,-0.18,0.25,0.0,0.2,0.50,20000,1,0,0,3,13
YOSEMITE,3000.0,6000.0,3.0,0.0,0.35,0.0,80,0.60,0.80,0.4,5,170.0,25.0,15.0,R,P,8.5,0.30,0,30.0,1.0,0.12,0.0,0.24,-0.20,0.5,0.5,0.44,0.30,40000,20200020,504400,0,1,0
WINDSOR,1500.0,3500.0,3.0,0.0,0.05,-0.2,75,0.55,0.85,0.5,5,180.0,30.0,10.0,R,P,8.0,0.45,0,30.0,0.65,0.07,0.0,0.15,-0.10,0.5,0.3,0.25,0.60,35000,40282804,0,1,1,1
MTRUCK_A,5000.0,20000.0,3.0,0.0,0.0,-0.35,80,0.65,0.85,0.55,5,110.0,45.0,25.0,4,P,7.0,0.45,0,35.0,1.5,0.07,0.0,0.45,-0.30,0.5,0.3,0.44,0.35,40000,28,1300045,0,1,20
MTRUCK_B,5000.0,20000.0,3.0,0.0,0.0,-0.35,80,0.65,0.85,0.55,5,110.0,45.0,25.0,4,P,7.0,0.45,0,35.0,1.5,0.07,0.0,0.45,-0.30,0.5,0.3,0.44,0.35,40000,28,1300045,0,1,20
URANUS,1400.0,2998.3,2.0,0.0,0.1,-0.3,75,0.80,0.85,0.47,5,200.0,20.0,5.0,R,P,8.0,0.45,0,30.0,1.3,0.15,0.0,0.28,-0.10,0.5,0.3,0.25,0.60,35000,c0002800,4000001,1,1,0
JESTER,1500.0,3600.0,2.2,0.0,0.0,-0.05,75,0.85,0.8,0.5,5,200.0,28.0,10.0,F,P,10.0,0.45,0,30.0,1.1,0.10,0.0,0.28,-0.15,0.5,0.3,0.25,0.60,35000,c0002804,4000000,1,1,1
SULTAN,1400.0,3400.0,2.4,0.0,0.1,-0.1,75,0.80,0.8,0.5,5,200.0,28.0,5.0,4,P,10.0,0.5,0,30.0,1.2,0.15,0.0,0.28,-0.20,0.5,0.3,0.25,0.60,35000,2800,4000002,1,1,0
STRATUM,1800.0,4500.0,2.1,0.0,0.1,-0.1,75,0.60,0.85,0.5,5,200.0,20.0,10.0,R,P,7.0,0.5,0,30.0,1.0,0.15,0.0,0.28,-0.16,0.5,0.3,0.25,0.60,35000,2800,4000000,1,1,0
ELEGY,1500.0,3500.0,2.2,0.0,0.3,-0.15,75,0.65,0.9,0.5,5,200.0,28.0,5.0,R,P,8.0,0.5,0,35.0,1.0,0.20,0.0,0.28,-0.10,0.5,0.3,0.25,0.60,35000,40002804,4000001,1,1,1
RCTIGER,100.0,24.1,5.0,0.0,0.0,-0.1,70,0.70,0.9,0.49,1,75.0,35.0,15.0,4,E,5.0,0.50,0,45.0,1.6,0.1,0.0,0.28,-0.14,0.5,0.0,0.2,0.05,500,0,40,0,1,0
FLASH,1400.0,2998.3,2.2,0.0,0.2,-0.1,75,0.75,0.9,0.5,5,200.0,24.0,10.0,F,P,8.0,0.55,0,30.0,1.4,0.15,0.0,0.28,-0.10,0.5,0.3,0.25,0.60,35000,2804,4000001,1,1,1
TAHOMA,1800.0,4000.0,2.3,0.0,-0.3,0.0,75,0.75,0.85,0.52,5,160.0,24.0,10.0,R,P,7.0,0.50,0,35.0,1.0,0.08,0.0,0.28,-0.20,0.45,0.3,0.25,0.60,35000,0,12010000,1,1,0
SAVANNA,1500.0,2500.0,2.0,0.0,-0.6,0.1,70,0.70,0.84,0.55,4,160.0,24.0,5.0,R,P,8.17,0.52,0,35.0,1.0,0.10,0.0,0.30,-0.15,0.3,0.25,0.3,0.52,19000,200000,2010000,1,1,0
BANDITO,1000.0,2500.3,4.0,0.0,0.0,-0.3,80,0.70,0.88,0.55,4,170.0,35.0,5.0,R,P,6.1,0.55,0,35.0,1.0,0.10,5.0,0.25,-0.20,0.35,0.0,0.60,0.40,15000,40001b04,308400,1,2,1
FREIFLAT,5500.0,33187.9,1.0,0.0,0.0,0.0,90,0.58,0.8,0.5,4,110.0,20.0,20.0,R,D,03.17,0.40,0,30.0,1.4,0.06,0.0,0.45,0.0,0.55,0.0,0.45,0.20,5000,8,200,0,1,0
CSTREAK,5500.0,33187.9,1.0,0.0,0.0,0.0,90,0.58,0.8,0.5,4,110.0,20.0,20.0,R,D,03.17,0.40,0,30.0,1.4,0.06,0.0,0.45,-0.10,0.55,0.0,0.65,0.20,5000,8,200,0,1,21
KART,300.0,150.0,5.0,0.0,0.0,-0.15,110,0.90,0.85,0.48,4,90.0,18.0,5.0,R,P,15.0,0.20,0,35.0,1.5,0.20,0.0,0.25,-0.04,0.5,0.0,0.38,0.40,15000,40001b00,308201,1,2,18
MOWER,800.0,500.0,5.0,0.0,0.0,-0.3,80,0.70,0.80,0.48,3,60.0,12.0,30.0,R,P,6.1,0.55,0,35.0,1.0,0.15,0.0,0.15,-0.05,0.5,0.0,0.38,0.40,15000,40001b00,1308001,1,2,28
DUNE,10000.0,50000.0,2.0,0.0,0.0,-0.6,80,0.65,0.85,0.5,5,110.0,35.0,25.0,4,P,7.0,0.45,0,35.0,0.8,0.10,0.0,0.40,-0.40,0.5,0.3,0.29,0.35,40000,6028,1300005,0,1,2
SWEEPER,800.0,632.7,5.0,0.0,0.0,-0.3,80,0.70,0.80,0.46,3,60.0,12.0,30.0,R,P,6.1,0.55,0,35.0,1.6,0.15,0.0,0.34,-0.10,0.5,0.0,0.30,0.40,15000,40005a00,1308201,1,2,0
BROADWAY,1700.0,4166.4,2.0,0.0,0.1,0.1,70,0.65,0.75,0.46,4,160.0,20.0,10.0,R,P,6.0,0.55,0,25.0,0.8,0.07,0.0,0.30,-0.14,0.5,0.25,0.3,0.52,19000,220000,2012100,1,1,0
TORNADO,1700.0,4166.4,2.0,0.0,-0.1,0.1,70,0.75,0.75,0.52,4,160.0,20.0,10.0,R,P,6.0,0.55,0,35.0,0.8,0.08,0.0,0.30,-0.15,0.5,0.25,0.3,0.52,19000,400220000,2010000,1,1,0
DFT30,5500.0,33187.9,2.0,0.0,0.0,-0.2,90,0.65,0.8,0.40,5,110.0,20.0,20.0,R,D,3.5,0.40,0,30.0,1.4,0.06,0.0,0.45,-0.25,0.55,0.0,0.45,0.20,5000,4008,200,0,1,2
HUNTLEY,2500.0,6000.0,2.5,0.0,0.0,-0.20,80,0.62,0.89,0.5,5,160.0,25.0,25.0,4,P,7.0,0.45,0,35.0,1.0,0.05,0.0,0.45,-0.21,0.45,0.3,0.44,0.35,40000,20,4404,0,1,0
STAFFORD,2200.0,6000.0,2.5,0.0,0.0,0.0,75,0.65,0.92,0.5,5,165.0,24.0,15.0,R,P,5.0,0.55,0,30.0,1.1,0.1,0.0,0.27,-0.22,0.5,0.3,0.2,0.56,35000,0,400000,0,1,0
NEWSVAN,1900.0,6333.3,2.0,0.0,0.0,-0.15,80,0.85,0.70,0.46,5,160.0,15.0,15.0,R,D,6.0,0.80,0,30.0,1.3,0.07,0.0,0.35,-0.15,0.45,0.0,0.2,0.43,20000,4001,2,0,3,13
TUG,800.0,632.7,5.0,0.0,0.0,-0.1,80,0.85,0.80,0.46,4,170.0,15.0,30.0,R,P,6.1,0.55,0,35.0,1.2,0.15,0.0,0.34,-0.10,0.5,0.0,0.38,0.40,15000,1a00,308200,1,2,0
PETROTR,3800.0,30000.0,2.0,0.0,0.0,-0.5,90,0.45,0.75,0.5,5,120.0,18.0,5.0,R,D,8.0,0.30,0,25.0,1.5,0.05,0.0,0.30,-0.15,0.5,0.0,0.65,0.25,35000,20002000,0000,0,1,0
EMPEROR,1800.0,4000.0,2.2,0.0,0.2,0.15,75,0.65,0.80,0.52,5,165.0,21.0,20.0,R,P,8.0,0.45,0,30.0,0.9,0.13,3.0,0.30,-0.10,0.5,0.3,0.2,0.56,35000,40000000,400000,0,1,0
FLOAT,5500.0,33187.9,2.0,0.0,0.0,0.0,90,0.58,0.8,0.5,4,110.0,20.0,20.0,R,D,03.17,0.40,0,30.0,1.4,0.06,0.0,0.45,-0.25,0.55,0.0,0.45,0.20,5000,8,200,0,1,0
EUROS,1400.0,2998.3,2.2,0.0,0.1,-0.1,75,0.70,0.8,0.5,5,200.0,24.0,5.0,4,P,8.0,0.55,0,30.0,1.2,0.15,0.0,0.30,-0.10,0.5,0.3,0.25,0.60,35000,40002804,0,1,1,0
HOTDOG,5500.0,23489.6,3.0,0.0,0.0,0.3,80,0.72,0.70,0.46,5,140.0,14.0,25.0,R,D,4.5,0.60,0,30.0,0.6,0.08,0.0,0.30,-0.24,0.4,0.6,0.36,0.40,22000,40000009,201,0,3,13
CLUB,1400.0,3000.0,2.8,0.0,0.0,0.0,80,0.75,0.90,0.49,5,200.0,30.0,10.0,F,P,11.0,0.45,0,30.0,1.7,0.1,0.0,0.28,-0.12,0.5,0.0,0.25,0.50,35000,2000,C00000,1,1,0
ARTICT3,3800.0,30000.0,2.0,0.0,0.0,-0.5,90,0.45,0.75,0.5,5,120.0,18.0,5.0,R,D,8.0,0.30,0,25.0,1.5,0.05,0.0,0.30,-0.15,0.5,0.0,0.65,0.25,35000,20002000,0000,0,1,0
RCCAM,100.0,50.0,20.0,0.0,0.05,-0.2,70,0.60,0.90,0.49,1,60.0,50.0,10.0,4,E,5.5,0.50,0,25.0,3.0,0.3,0.0,0.15,-0.15,0.5,0.0,0.2,0.05,500,0,1000000,0,1,0
POLICE_LA,1600.0,4500.0,2.0,0.0,0.3,-0.1,75,0.75,0.85,0.50,5,200.0,25.0,10.0,R,P,10.0,0.53,0,35.0,1.0,0.12,0.0,0.28,-0.12,0.55,0.0,0.2,0.24,25000,40000000,10200008,0,1,0
POLICE_SF,1600.0,4500.0,2.0,0.0,0.3,-0.15,75,0.75,0.85,0.52,5,200.0,25.0,10.0,R,P,10.0,0.53,0,35.0,1.1,0.12,0.0,0.28,-0.17,0.55,0.0,0.2,0.24,25000,40000000,10200008,0,1,0
POLICE_VG,1600.0,4500.0,2.0,0.0,0.3,-0.1,75,0.75,0.85,0.52,5,200.0,25.0,10.0,R,P,10.0,0.53,0,35.0,0.9,0.08,0.0,0.28,-0.17,0.55,0.0,0.2,0.24,25000,40000000,10200008,0,1,0
POLRANGER,2500.0,5500.0,3.0,0.0,0.0,-0.2,85,0.65,0.85,0.55,5,160.0,30.0,15.0,4,D,6.2,0.60,0,35.0,0.7,0.06,1.0,0.30,-0.25,0.5,0.25,0.27,0.23,25000,284020,308800,0,1,0
PICADOR,1600.0,3800.0,2.7,0.0,0.2,0.0,75,0.65,0.70,0.52,5,165.0,25.0,20.0,R,D,8.5,0.5,0,35.0,0.8,0.08,2.0,0.25,-0.15,0.4,0.4,0.26,0.20,26000,40200040,104004,0,1,0
SWATVAN,5000.0,10000.0,2.5,0.0,0.0,-0.1,85,0.65,0.7,0.46,5,110.0,24.0,25.0,4,D,6.4,0.45,0,27.0,0.7,0.08,1.0,0.30,-0.18,0.5,0.0,0.32,0.06,40000,880010,1000000,0,1,13
ALPHA,1500.0,3400.0,2.0,0.0,0.1,-0.2,85,0.7,0.8,0.5,5,200.0,23.0,5.0,R,P,7.0,0.55,0,30.0,1.2,0.12,0.0,0.30,-0.15,0.5,0.4,0.25,0.50,35000,40002800,200000,1,1,0
PHOENIX,1500.0,4000.0,2.2,0.0,0.3,-0.15,85,0.7,0.9,0.52,5,200.0,26.0,5.0,R,P,6.0,0.55,0,30.0,0.8,0.08,0.0,0.28,-0.24,0.59,0.4,0.25,0.50,35000,2800,200000,1,1,0
BAGBOXA,1000.0,1354.2,5.0,0.0,0.4,-0.2,70,1.00,0.85,0.5,3,160.0,20.0,30.0,R,E,5.0,0.50,0,30.0,2.0,0.09,0.0,0.25,-0.10,0.5,0.0,0.26,0.50,9000,3100,4,1,1,0
BAGBOXB,1000.0,1354.2,5.0,0.0,0.4,-0.2,70,1.00,0.85,0.5,3,160.0,20.0,30.0,R,E,5.0,0.50,0,30.0,2.0,0.09,0.0,0.25,-0.10,0.5,0.0,0.26,0.50,9000,3100,4,1,1,0
STAIRS,1000.0,2500.0,5.0,0.0,0.4,-0.2,70,1.00,0.85,0.5,3,160.0,20.0,30.0,R,E,5.0,0.50,0,30.0,2.0,0.09,0.0,0.25,-0.10,0.5,0.0,0.26,0.50,9000,3100,4,1,1,0
BOXBURG,5500.0,23489.6,3.0,0.0,0.0,0.0,80,0.82,0.70,0.46,5,140.0,14.0,25.0,R,D,4.5,0.60,0,30.0,0.9,0.08,0.0,0.25,-0.25,0.35,0.6,0.36,0.40,22000,4009,201,0,3,13
FARM_TR1,400.0,400.0,5.0,0.0,-0.4,0.0,70,0.60,0.85,0.5,3,160.0,20.0,30.0,R,E,5.0,0.50,0,30.0,1.0,0.10,0.0,0.25,-0.10,0.5,0.0,0.26,0.50,9000,3100,4,1,1,0
UTIL_TR1,1000.0,1354.2,5.0,0.0,0.0,0.0,70,1.00,0.85,0.5,3,160.0,20.0,30.0,R,E,5.0,0.50,0,30.0,2.0,0.09,0.0,0.25,-0.10,0.5,0.0,0.26,0.50,9000,3100,4,1,1,0
ROLLER,1000.0,1354.2,4.0,0.0,0.0,-0.1,70,0.55,0.85,0.5,3,160.0,15.0,30.0,4,E,13.0,0.50,0,30.0,1.0,0.09,0.0,0.28,-0.13,0.5,0.0,0.26,0.50,9000,1100,8804,1,1,0
BIKE,500.0,161.7,4.0,0.0,0.05,-0.09,103,1.6,0.9,0.48,5,190.0,50.0,5.0,R,P,15.0,0.50,0,35.0,0.85,0.15,0.0,0.15,-0.16,0.5,0.0,0.0,0.15,10000,1002000,0,1,1,4
MOPED,350.0,119.6,5.0,0.0,0.05,-0.1,103,1.8,0.9,0.48,3,190.0,30.0,5.0,R,P,14.0,0.50,0,35.0,1.0,0.15,0.0,0.12,-0.17,0.5,0.0,0.0,0.11,10000,1000000,0,1,1,5
DIRTBIKE,500.0,195.0,5.0,0.0,0.05,-0.09,103,1.6,0.9,0.48,5,190.0,50.0,5.0,R,P,14.0,0.50,0,35.0,0.85,0.15,0.0,0.15,-0.16,0.5,0.0,0.0,0.15,10000,1000000,0,1,1,7
FCR900,500.0,200.0,4.0,0.0,0.05,-0.09,103,1.5,0.9,0.48,5,190.0,50.0,5.0,R,P,15.0,0.50,0,35.0,0.85,0.15,0.0,0.15,-0.16,0.5,0.0,0.0,0.11,10000,1000000,0,1,1,4
NRG500,400.0,200.0,4.0,0.0,0.08,-0.09,103,1.8,0.9,0.48,5,190.0,60.0,5.0,R,P,15.0,0.50,0,35.0,0.85,0.15,0.0,0.15,-0.16,0.5,0.0,0.0,0.15,10000,1002000,2,1,1,4
HPV1000,500.0,240.0,4.5,0.0,0.05,-0.09,103,1.5,0.9,0.46,5,190.0,50.0,5.0,R,P,15.0,0.50,0,35.0,0.85,0.15,0.0,0.15,-0.16,0.5,0.0,0.0,0.15,10000,1002000,0,1,1,4
BF400,500.0,200.0,4.5,0.0,0.05,-0.09,103,1.4,0.9,0.48,5,190.0,50.0,5.0,R,P,15.0,0.50,0,35.0,0.85,0.15,0.0,0.15,-0.20,0.5,0.0,0.0,0.15,10000,1000000,0,1,1,4
WAYFARER,800.0,600.0,4.0,0.0,0.1,0.0,103,1.4,0.85,0.48,4,190.0,40.0,5.0,R,P,10.0,0.55,0,35.0,0.65,0.20,0.0,0.09,-0.11,0.55,0.0,0.0,0.24,10000,41002000,0,1,1,8
QUADBIKE,400.0,300.0,5.0,0.0,0.05,-0.20,70,0.7,0.9,0.49,4,160.0,25.0,5.0,4,P,8.0,0.50,0,35.0,0.8,0.10,0.0,0.15,-0.15,0.5,0.0,0.2,0.50,9000,281300,205,1,1,12
BMX,100.0,39.0,7.0,0.0,0.05,-0.09,103,1.6,0.9,0.48,5,120.0,18.0,5.0,R,P,19.0,0.50,0,35.0,0.80,0.15,0.0,0.20,-0.10,0.5,0.0,0.0,0.15,10000,41000000,0,1,1,9
CHOPPERB,100.0,39.0,6.0,0.0,0.05,-0.09,103,1.6,0.9,0.48,5,120.0,18.0,5.0,R,P,19.0,0.50,0,35.0,0.85,0.15,0.0,0.20,-0.10,0.5,0.0,0.0,0.15,10000,41000000,0,1,1,11
MTB,100.0,60.0,5.0,0.0,0.05,-0.09,103,1.6,0.9,0.48,4,140.0,25.0,15.0,R,P,19.0,0.50,0,35.0,0.85,0.15,0.0,0.20,-0.10,0.5,0.0,0.0,0.15,10000,41000000,2,1,1,10
FREEWAY,800.0,403.3,4.0,0.0,0.1,0.0,103,1.2,0.82,0.51,4,190.0,40.0,5.0,R,P,10.0,0.55,0,35.0,0.65,0.20,0.0,0.09,-0.11,0.55,0.0,0.0,0.24,10000,1002000,0,1,1,6
PREDATOR,2200.0,29333.3,1.0,0.0,0.0,0.0,14,2.30,15.0,0.58,5,190.0,1.7,5.0,R,P,0.05,0.01,0,24.0,1.0,3.0,0.0,0.10,0.1,0.0,0.0,0.2,0.33,40000,8000000,0,0,1,0
SPEEDER,2200.0,20210.7,1.0,0.0,0.0,0.0,22,2.5,15.0,0.65,5,190.0,2.5,5.0,R,P,0.04,0.01,0,20.0,1.3,3.0,0.0,0.10,0.5,2.0,0.0,0.7,0.39,30000,8000400,0,0,1,0
REEFER,5000.0,25520.8,1.0,0.0,0.0,0.0,15,-1.50,15.0,0.45,5,190.0,0.7,5.0,R,P,0.02,0.02,0,25.0,1.0,3.0,0.0,0.10,0.1,0.0,0.0,0.2,0.38,25000,8000000,0,0,1,0
RIO,3000.0,17312.5,1.0,0.0,0.0,0.0,15,-4.00,25.0,0.50,5,190.0,0.5,5.0,R,P,0.02,0.00,0,20.0,1.0,3.0,0.0,15.00,0.1,0.0,0.0,0.2,0.23,70000,8000000,0,0,1,0
SQUALO,2200.0,29333.3,1.0,0.0,0.0,0.0,42,3.00,15.0,0.65,5,190.0,3.0,5.0,R,P,0.02,0.00,0,24.0,0.45,5.0,0.0,0.10,0.05,0.0,0.0,0.2,0.33,60000,8000400,0,0,1,0
TROPIC,2200.0,29333.3,1.0,0.0,0.0,0.0,10,2.20,12.0,0.45,5,190.0,1.4,5.0,R,P,0.05,0.01,0,24.0,1.8,3.0,0.0,0.10,0.1,0.0,0.0,0.2,0.33,73000,8000400,0,0,1,0
COASTGRD,1200.0,6525.0,1.0,0.0,-0.3,0.0,14,2.00,4.2,0.70,5,190.0,1.6,5.0,R,P,0.05,0.01,0,24.0,1.0,3.0,0.0,3.20,0.1,2.5,0.0,0.2,0.18,10000,8000000,0,0,1,0
DINGHY,800.0,1483.3,1.0,0.0,0.0,0.0,16,3.50,3.5,1.00,5,190.0,1.2,5.0,R,P,0.07,0.01,0,30.0,1.0,4.5,0.0,3.50,0.1,0.7,0.0,0.2,0.12,5000,8000000,0,0,1,0
MARQUIS,5000.0,155520.8,1.0,0.0,0.0,0.0,10,-3.50,25.0,0.40,5,190.0,0.5,5.0,R,P,0.04,0.03,0,38.0,1.0,3.0,0.0,0.10,0.0,1.0,0.0,0.2,0.38,99000,8000000,0,0,1,0
CUPBOAT,3000.0,40000.0,1.0,0.0,0.0,0.0,35,2.00,15.0,0.50,5,190.0,3.0,5.0,R,P,0.02,0.00,0,24.0,0.75,4.0,0.0,0.10,0.3,1.5,0.0,0.2,0.45,48000,8000400,0,0,1,0
LAUNCH,2200.0,20210.7,1.0,0.0,-1.0,0.0,22,1.5,15.0,0.65,5,190.0,1.5,5.0,R,P,0.03,0.01,0,24.0,1.0,3.0,0.0,0.10,0.5,2.0,0.0,0.7,0.39,30000,8000400,0,0,1,0
SEAPLANE,5000.0,27083.3,12.0,0.0,0.0,0.0,9,0.83,45.0,0.5,1,200.0,1.7,5.0,4,P,0.01,0.05,0,24.0,1.5,0.75,0.0,0.10,0.0,2.0,0.0,1.0,0.05,10000,4000400,0,0,1,0
VORTEX,1900.0,4795.9,20.0,0.0,0.0,0.2,85,0.05,1.0,0.5,5,150.0,2.0,5.0,R,P,1.0,0.50,0,30.0,0.5,0.05,0.0,0.33,-0.25,0.5,0.02,0.65,0.50,26000,301,400040,0,1,23
RUSTLER,5000.0,27083.3,10.0,0.0,0.0,0.0,75,0.65,0.9,0.5,1,200.0,16.0,5.0,4,P,1.5,0.45,0,45.0,2.0,0.15,0.0,0.50,-0.20,0.5,0.0,0.30,0.75,45000,4008108,400020,0,1,14
BEAGLE,10000.0,80000.0,14.0,0.0,0.0,0.0,75,0.65,0.9,0.5,1,200.0,16.0,5.0,4,P,1.5,0.45,0,45.0,2.0,0.15,0.0,1.00,-0.10,0.35,0.0,0.30,0.75,45000,24000008,400000,0,1,13
CROPDUST,5000.0,27083.3,15.0,0.0,0.0,0.0,75,0.65,0.9,0.5,1,200.0,16.0,5.0,4,P,1.5,0.45,0,45.0,2.0,0.15,0.0,0.55,-0.05,0.5,0.0,0.30,0.75,45000,4008000,400020,0,1,14
STUNT,5000.0,20000.0,14.0,0.0,0.0,0.0,75,0.65,0.9,0.5,1,200.0,16.0,5.0,4,P,1.5,0.45,0,45.0,2.0,0.15,0.0,0.50,-0.10,0.9,0.0,0.30,0.75,45000,4008100,400020,0,1,14
SHAMAL,15000.0,81250.0,8.0,0.0,0.0,0.0,75,0.55,0.8,0.7,1,200.0,16.0,5.0,4,P,1.5,0.15,0,45.0,4.0,0.15,0.0,1.00,-0.00,0.3,0.0,0.30,0.75,45000,400c108,400000,0,1,26
HYDRA,9000.0,48750.0,20.0,0.0,0.0,0.0,75,0.65,0.9,0.5,1,200.0,16.0,5.0,4,P,1.5,0.45,0,45.0,1.0,0.15,0.0,0.50,-0.20,0.8,0.0,0.60,0.75,45000,4008100,400000,0,1,27
NEVADA,25000.0,438750.0,10.0,0.0,0.0,0.0,75,0.65,0.9,0.5,1,200.0,16.0,5.0,4,P,1.0,0.45,0,45.0,1.0,0.10,0.0,0.40,-0.30,0.5,0.0,0.30,0.75,45000,400c108,400020,0,1,29
AT400,60000.0,9000000.0,4.0,0.0,0.0,0.0,75,1.5,0.9,0.85,1,200.0,16.0,5.0,4,P,1.0,0.45,0,45.0,1.5,0.15,0.0,0.50,-0.20,0.3,0.0,0.70,0.75,45000,2400c008,400000,0,1,15
ANDROM,40000.0,3000000.0,4.0,0.0,0.0,0.0,75,0.65,0.9,0.5,1,200.0,16.0,5.0,4,P,1.0,0.45,0,45.0,2.0,0.15,0.0,0.50,-0.20,0.5,0.0,0.30,0.75,45000,24114108,440000,0,1,0
DODO,5000.0,27083.3,12.0,0.0,0.3,0.0,75,0.65,0.9,0.5,1,200.0,16.0,5.0,4,P,1.5,0.45,0,45.0,1.5,0.15,0.0,0.50,-0.05,0.2,0.0,0.50,0.75,45000,4000000,400000,0,1,13
SPARROW,2500.0,6041.7,0.2,0.0,0.0,-0.1,75,0.65,0.9,0.5,1,200.0,16.0,5.0,4,P,5.0,0.45,0,30.0,2.0,0.1,0.0,0.50,-0.20,0.5,0.0,0.30,0.50,25000,2004000,400000,0,1,0
SEASPAR,3000.0,7250.0,0.1,0.0,0.0,-0.1,5,0.65,0.9,0.5,1,200.0,16.0,5.0,4,P,5.0,0.45,0,30.0,2.0,0.1,0.0,0.50,-0.20,0.5,0.0,0.30,0.60,28000,2004000,400000,0,1,0
MAVERICK,5000.0,29270.8,0.2,0.0,0.0,-0.1,75,0.65,0.9,0.5,1,200.0,16.0,5.0,4,P,5.0,0.45,0,30.0,2.0,0.15,0.0,0.50,-0.20,0.5,0.0,0.30,0.75,45000,2004000,400000,0,1,0
COASTMAV,3500.0,8458.3,0.2,0.0,0.0,-0.1,75,0.65,0.9,0.5,1,200.0,16.0,5.0,4,P,5.0,0.45,0,30.0,2.0,0.1,0.0,0.50,-0.20,0.5,0.0,0.30,0.65,50000,2004000,400000,0,1,0
POLMAV,4500.0,26343.7,0.2,0.0,0.0,-0.1,75,0.65,0.9,0.5,1,200.0,16.0,5.0,4,P,5.0,0.45,0,30.0,2.0,0.1,0.0,0.50,-0.20,0.5,0.0,0.30,0.65,52000,2004000,400000,0,1,0
HUNTER,10000.0,150000.0,0.2,0.0,0.0,0.0,75,0.65,0.9,0.5,1,200.0,16.0,5.0,4,P,5.0,0.45,0,30.0,1.0,0.05,0.0,0.20,-0.15,0.85,0.0,0.40,0.50,99000,200c000,400000,0,1,14
LEVIATHN,15000.0,200000.0,0.1,0.0,0.0,0.0,30,0.65,0.9,0.5,1,200.0,16.0,5.0,4,P,5.0,0.45,0,30.0,1.0,0.05,0.0,0.50,-0.20,0.9,0.0,0.30,0.50,25000,2004000,400000,0,1,0
CARGOBOB,20000.0,48333.3,0.2,0.0,0.0,-0.1,75,0.65,0.9,0.5,1,200.0,16.0,5.0,4,P,5.0,0.45,0,30.0,0.6,0.05,0.0,0.50,-0.10,0.3,0.0,0.30,0.50,25000,22004000,400000,0,1,0
RAINDANC,10000.0,96666.7,0.05,0.0,0.0,-1.0,75,0.65,0.9,0.5,1,200.0,16.0,5.0,4,P,5.0,0.45,0,30.0,1.5,0.1,0.0,0.20,-0.15,0.5,0.0,0.70,0.50,99000,2004000,400000,0,1,0
RCBARON,100.0,50.0,120.0,0.0,0.0,0.0,99,0.20,0.9,0.5,1,75.0,1.0,5.0,F,P,0.5,0.50,0,45.0,0.6,0.1,0.0,0.25,-0.00,0.8,0.0,0.2,0.08,300,4000000,20,0,1,0
RCGOBLIN,100.0,24.1,0.2,0.0,0.0,-0.1,70,1.10,0.75,0.50,1,75.0,35.0,5.0,4,P,5.5,0.50,0,25.0,1.6,0.1,0.0,0.28,-0.08,0.5,0.0,0.2,0.05,800,2000000,0,0,1,0
RCRAIDER,100.0,24.1,0.2,0.0,0.0,-0.1,70,1.10,0.75,0.50,1,75.0,35.0,5.0,4,P,5.5,0.50,0,25.0,1.6,0.1,0.0,0.28,-0.08,0.5,0.0,0.2,0.10,500,2000000,0,0,1,0